epoch,train_loss,val_loss,val_auc,val_f1
1,0.13504517198754673,0.11152323013916432,0.8710030411643315,0.9858103061986557
2,0.11776706745994138,0.10815256355295305,0.8881367437819051,0.9855649576903932
3,0.11179036193417413,0.10912884750259251,0.8805990007602912,0.9855649576903932
4,0.10755017244816366,0.10288344692390321,0.891373411534702,0.9860488290981565
5,0.1066644928971706,0.10708877921744182,0.8860459433040079,0.9858032378580324
1,0.1401783032765533,0.11349777812996292,0.8731807320516998,0.9853051058530511
2,0.11541386393653785,0.12109632104692744,0.8784267405235147,0.9862877088007979
3,0.11018696702301298,0.103694412309193,0.8883105246008473,0.9862945427361076
4,0.10588215922266361,0.10251507022697973,0.8902845660910177,0.9862945427361076
5,0.1050156938001146,0.10606028790843125,0.8736857825567502,0.9858103061986557
6,0.1023537719280805,0.10909778646517364,0.8842972738134028,0.9858103061986557
7,0.09917408820544626,0.12182451804737739,0.8800667970022809,0.9850523168908819
8,0.09749900499213143,0.11051124713513452,0.860663082437276,0.9858103061986557
9,0.09587911682885975,0.13339888798571617,0.8615835777126098,0.9860488290981565
