epoch,train_loss,val_loss,val_acc,val_f1,val_auc,video_emb_norm_mean,audio_emb_norm_mean
1,0.029247460550383374,0.014296262866189156,0.9971056439942113,0.9984833164812943,0.9991854024112088,21.87905096274156,31.725959297326895
2,0.012466281484699004,0.06942500490662788,0.9937288953207911,0.9967063592601976,0.9970294341262083,21.711205339431764,24.37201777971708
3,0.010854483106285766,0.016348556510671963,0.9966232513265798,0.9982300884955753,0.9979417834256545,21.863589991056003,20.367445292839637
4,0.009671964932301026,0.015043206853188088,0.9966232513265798,0.9982309830679807,0.9982078853046594,23.26441498169532,19.217394891152015
5,0.00744844679178789,0.01797524168978031,0.9961408586589484,0.9979777553083923,0.9982024546540675,23.7337115581219,19.791896871420054
1,0.030608789767927448,0.013552819365011586,0.9961408586589484,0.9979757085020243,0.9989573150863473,26.09759727257949,18.864875191908617
2,0.009977603374156513,0.01700926348260899,0.9951760733236855,0.9974721941354904,0.9986966438579342,20.7293884570782,20.28585228919983
3,0.012070140165765362,0.013921187256694223,0.9966232513265798,0.9982300884955753,0.9985445856413598,20.980906952344455,19.62878806407635
4,0.009290621924037977,0.009713993431701713,0.9971056439942113,0.9984833164812943,0.9993483219289669,20.98773828653189,19.034443598527176
5,0.009238963257670211,0.02365669991510548,0.9942112879884226,0.9969604863221885,0.9987889649179971,20.848638244775625,17.02260114963238
