index,label,prob_fake,pred
0,1,0.966706,1
1,1,0.967488,1
2,1,0.964395,1
3,1,0.973997,1
4,1,0.970334,1
5,1,0.951151,1
6,1,0.972532,1
7,1,0.968383,1
8,1,0.966492,1
9,1,0.968743,1
10,1,0.963182,1
11,1,0.964129,1
12,1,0.949838,1
13,1,0.966492,1
14,1,0.872823,1
15,1,0.964851,1
16,1,0.968593,1
17,1,0.867630,1
18,1,0.976020,1
19,1,0.952811,1
20,1,0.964105,1
21,1,0.968176,1
22,1,0.948194,1
23,1,0.970583,1
24,1,0.968933,1
25,1,0.966323,1
26,1,0.903499,1
27,1,0.903499,1
28,1,0.968509,1
29,1,0.970878,1
30,1,0.966492,1
31,1,0.959721,1
32,1,0.961333,1
33,1,0.968346,1
34,1,0.963606,1
35,1,0.970561,1
36,1,0.974229,1
37,1,0.968998,1
38,1,0.970334,1
39,1,0.968677,1
40,1,0.976583,1
41,1,0.960473,1
42,1,0.958977,1
43,1,0.968933,1
44,1,0.969529,1
45,1,0.975962,1
46,1,0.966909,1
47,1,0.867630,1
48,1,0.965085,1
49,1,0.949268,1
50,1,0.964129,1
51,1,0.967179,1
52,1,0.962923,1
53,1,0.960766,1
54,1,0.972717,1
55,1,0.964656,1
56,1,0.972532,1
57,1,0.962415,1
58,1,0.964596,1
59,1,0.962898,1
60,1,0.963182,1
61,1,0.966368,1
62,1,0.968399,1
63,1,0.970151,1
64,1,0.962864,1
65,1,0.969530,1
66,1,0.962777,1
67,1,0.962923,1
68,1,0.968346,1
69,1,0.972532,1
70,1,0.965701,1
71,1,0.969015,1
72,1,0.968593,1
73,1,0.962689,1
74,1,0.964965,1
75,1,0.966368,1
76,1,0.959790,1
77,1,0.958977,1
78,1,0.968933,1
79,1,0.968998,1
80,1,0.976852,1
81,1,0.970544,1
82,1,0.949944,1
83,1,0.964973,1
84,1,0.970485,1
85,1,0.968176,1
86,1,0.968998,1
87,1,0.960861,1
88,1,0.963865,1
89,1,0.965670,1
90,1,0.961151,1
91,1,0.963359,1
92,1,0.965805,1
93,1,0.963161,1
94,1,0.933705,1
95,1,0.969742,1
96,1,0.965826,1
97,1,0.943164,1
98,1,0.962677,1
99,1,0.962767,1
100,1,0.967716,1
101,1,0.970500,1
102,1,0.962767,1
103,1,0.953848,1
104,1,0.965922,1
105,1,0.966685,1
106,1,0.957051,1
107,1,0.966302,1
108,1,0.953466,1
109,1,0.967748,1
110,1,0.966443,1
111,1,0.944028,1
112,1,0.651812,1
113,1,0.965805,1
114,1,0.933705,1
115,1,0.970352,1
116,1,0.964853,1
117,1,0.937518,1
118,1,0.965948,1
119,1,0.961334,1
120,1,0.963865,1
121,1,0.960750,1
122,1,0.966379,1
123,1,0.956113,1
124,1,0.920919,1
125,1,0.969953,1
126,1,0.933705,1
127,1,0.970320,1
128,1,0.970500,1
129,1,0.933705,1
130,1,0.942719,1
131,1,0.960695,1
132,1,0.953680,1
133,1,0.958365,1
134,1,0.967730,1
135,1,0.959712,1
136,1,0.961151,1
137,1,0.953848,1
138,1,0.953848,1
139,1,0.965065,1
140,1,0.970173,1
141,1,0.965647,1
142,1,0.933705,1
143,1,0.969974,1
144,1,0.963791,1
145,1,0.967087,1
146,1,0.916797,1
147,1,0.958365,1
148,1,0.963170,1
149,1,0.970618,1
150,1,0.959712,1
151,1,0.971515,1
152,1,0.959712,1
153,1,0.969742,1
154,1,0.962767,1
155,1,0.952583,1
156,1,0.969949,1
157,1,0.973437,1
158,1,0.962388,1
159,1,0.954786,1
160,1,0.959734,1
161,1,0.965805,1
162,1,0.958365,1
163,1,0.970278,1
164,1,0.959712,1
165,1,0.965476,1
166,1,0.958886,1
167,1,0.953848,1
168,1,0.958496,1
169,1,0.969953,1
170,1,0.965797,1
171,1,0.960994,1
172,1,0.965476,1
173,1,0.962767,1
174,1,0.965049,1
175,1,0.964587,1
176,1,0.972740,1
177,1,0.960244,1
178,1,0.967880,1
179,1,0.957124,1
180,1,0.962625,1
181,1,0.965797,1
182,1,0.959768,1
183,1,0.965805,1
184,1,0.962766,1
185,1,0.963169,1
186,1,0.963046,1
187,1,0.963046,1
188,1,0.964606,1
189,1,0.957201,1
190,1,0.915269,1
191,1,0.963508,1
192,1,0.960432,1
193,1,0.960328,1
194,1,0.939731,1
195,1,0.956569,1
196,1,0.974421,1
197,1,0.957921,1
198,1,0.959733,1
199,1,0.942897,1
200,1,0.962705,1
201,1,0.957215,1
202,1,0.957106,1
203,1,0.956539,1
204,1,0.956589,1
205,1,0.960492,1
206,1,0.964669,1
207,1,0.974421,1
208,1,0.955840,1
209,1,0.960401,1
210,1,0.957711,1
211,1,0.957887,1
212,1,0.963046,1
213,1,0.954638,1
214,1,0.961405,1
215,1,0.957711,1
216,1,0.876383,1
217,1,0.962794,1
218,1,0.968756,1
219,1,0.876744,1
220,1,0.973028,1
221,1,0.939691,1
222,1,0.963789,1
223,1,0.973899,1
224,1,0.958911,1
225,1,0.942897,1
226,1,0.962705,1
227,1,0.974421,1
228,1,0.964381,1
229,1,0.963046,1
230,1,0.963650,1
231,1,0.968519,1
232,1,0.967902,1
233,1,0.959914,1
234,1,0.960328,1
235,1,0.956589,1
236,1,0.967518,1
237,1,0.939731,1
238,1,0.964121,1
239,1,0.962878,1
240,1,0.967004,1
241,1,0.963046,1
242,1,0.957711,1
243,1,0.954638,1
244,1,0.961727,1
245,1,0.958931,1
246,1,0.964669,1
247,1,0.962766,1
248,1,0.973268,1
249,1,0.959733,1
250,1,0.975269,1
251,1,0.939731,1
252,1,0.963259,1
253,1,0.955840,1
254,1,0.961951,1
255,1,0.971258,1
256,1,0.963046,1
257,1,0.973268,1
258,1,0.972856,1
259,1,0.956589,1
260,1,0.958931,1
261,1,0.968756,1
262,1,0.972699,1
263,1,0.960328,1
264,1,0.968519,1
265,1,0.949111,1
266,1,0.962679,1
267,1,0.955654,1
268,1,0.954293,1
269,1,0.963789,1
270,1,0.964381,1
271,1,0.959914,1
272,1,0.942897,1
273,1,0.954638,1
274,1,0.959634,1
275,1,0.963046,1
276,1,0.962705,1
277,1,0.966003,1
278,1,0.959707,1
279,1,0.958931,1
280,1,0.957887,1
281,1,0.957241,1
282,1,0.967004,1
283,1,0.973028,1
284,1,0.972801,1
285,1,0.969020,1
286,1,0.964518,1
287,1,0.962220,1
288,1,0.963158,1
289,1,0.969830,1
290,1,0.951798,1
291,1,0.971031,1
292,1,0.978581,1
293,1,0.967864,1
294,1,0.922125,1
295,1,0.964249,1
296,1,0.965521,1
297,1,0.967449,1
298,1,0.961425,1
299,1,0.936506,1
300,1,0.965808,1
301,1,0.963935,1
302,1,0.965655,1
303,1,0.962078,1
304,1,0.964271,1
305,1,0.923449,1
306,1,0.974598,1
307,1,0.922884,1
308,1,0.965521,1
309,1,0.965808,1
310,1,0.948569,1
311,1,0.959411,1
312,1,0.969221,1
313,1,0.968251,1
314,1,0.922527,1
315,1,0.978581,1
316,1,0.963135,1
317,1,0.922904,1
318,1,0.969015,1
319,1,0.962779,1
320,1,0.970683,1
321,1,0.978581,1
322,1,0.975420,1
323,1,0.970054,1
324,1,0.889842,1
325,1,0.969015,1
326,1,0.879532,1
327,1,0.970054,1
328,1,0.879532,1
329,1,0.977414,1
330,1,0.970464,1
331,1,0.965655,1
332,1,0.973897,1
333,1,0.962217,1
334,1,0.961758,1
335,1,0.967864,1
336,1,0.969221,1
337,1,0.967449,1
338,1,0.970683,1
339,1,0.962217,1
340,1,0.970466,1
341,1,0.961090,1
342,1,0.966650,1
343,1,0.970466,1
344,1,0.972284,1
345,1,0.973587,1
346,1,0.969015,1
347,1,0.957103,1
348,1,0.922527,1
349,1,0.961090,1
350,1,0.965655,1
351,1,0.970054,1
352,1,0.967864,1
353,1,0.961425,1
354,1,0.962078,1
355,1,0.961905,1
356,1,0.971525,1
357,1,0.956978,1
358,1,0.965585,1
359,1,0.969961,1
360,1,0.959623,1
361,1,0.962562,1
362,1,0.964271,1
363,1,0.945990,1
364,1,0.959776,1
365,1,0.974337,1
366,1,0.968019,1
367,1,0.945377,1
368,1,0.966368,1
369,1,0.943868,1
370,1,0.941869,1
371,1,0.970825,1
372,1,0.960375,1
373,1,0.959175,1
374,1,0.934231,1
375,1,0.963210,1
376,1,0.972751,1
377,1,0.966336,1
378,1,0.976536,1
379,1,0.946138,1
380,1,0.959493,1
381,1,0.961490,1
382,1,0.968581,1
383,1,0.964657,1
384,1,0.967049,1
385,1,0.945990,1
386,1,0.943053,1
387,1,0.958009,1
388,1,0.971733,1
389,1,0.963807,1
390,1,0.958088,1
391,1,0.963373,1
392,1,0.936403,1
393,1,0.973988,1
394,1,0.966103,1
395,1,0.959175,1
396,1,0.968909,1
397,1,0.968903,1
398,1,0.964258,1
399,1,0.967008,1
400,1,0.963155,1
401,1,0.960207,1
402,1,0.968688,1
403,1,0.956255,1
404,1,0.965304,1
405,1,0.970825,1
406,1,0.956255,1
407,1,0.963155,1
408,1,0.961875,1
409,1,0.964888,1
410,1,0.964051,1
411,1,0.972412,1
412,1,0.974345,1
413,1,0.972412,1
414,1,0.970188,1
415,1,0.962561,1
416,1,0.967431,1
417,1,0.938888,1
418,1,0.959641,1
419,1,0.964842,1
420,1,0.962730,1
421,1,0.959175,1
422,1,0.973794,1
423,1,0.965195,1
424,1,0.963155,1
425,1,0.956062,1
426,1,0.964258,1
427,1,0.965121,1
428,1,0.973794,1
429,1,0.989540,1
430,1,0.969865,1
431,1,0.943053,1
432,1,0.972412,1
433,1,0.971168,1
434,1,0.971956,1
435,1,0.941869,1
436,1,0.964158,1
437,1,0.961875,1
438,1,0.966103,1
439,1,0.943868,1
440,1,0.991205,1
441,1,0.976756,1
442,1,0.967431,1
443,1,0.967558,1
444,1,0.960207,1
445,1,0.964192,1
446,1,0.958933,1
447,1,0.946951,1
448,1,0.960685,1
449,1,0.960820,1
450,1,0.965891,1
451,1,0.974359,1
452,1,0.951970,1
453,1,0.963883,1
454,1,0.972335,1
455,1,0.964158,1
456,1,0.934231,1
457,1,0.943053,1
458,1,0.938888,1
459,1,0.963694,1
460,1,0.961154,1
461,1,0.966368,1
462,1,0.946755,1
463,1,0.960207,1
464,1,0.963329,1
465,1,0.968688,1
466,1,0.943053,1
467,1,0.961875,1
468,1,0.958504,1
469,1,0.966368,1
470,1,0.955809,1
471,1,0.970825,1
472,1,0.961912,1
473,1,0.970825,1
474,1,0.972412,1
475,1,0.974337,1
476,1,0.968688,1
477,1,0.938888,1
478,1,0.991215,1
479,1,0.964443,1
480,1,0.959090,1
481,1,0.966060,1
482,1,0.965680,1
483,1,0.968759,1
484,1,0.966335,1
485,1,0.961981,1
486,1,0.924460,1
487,1,0.827613,1
488,1,0.971651,1
489,1,0.962264,1
490,1,0.970304,1
491,1,0.963628,1
492,1,0.967554,1
493,1,0.951666,1
494,1,0.960049,1
495,1,0.958863,1
496,1,0.957878,1
497,1,0.971651,1
498,1,0.971651,1
499,1,0.958863,1
500,1,0.952187,1
501,1,0.973153,1
502,1,0.962264,1
503,1,0.968687,1
504,1,0.965126,1
505,1,0.967166,1
506,1,0.966186,1
507,1,0.968834,1
508,1,0.827613,1
509,1,0.966186,1
510,1,0.966060,1
511,1,0.958863,1
512,1,0.963766,1
513,1,0.971967,1
514,1,0.959228,1
515,1,0.968759,1
516,1,0.959479,1
517,1,0.951735,1
518,1,0.969272,1
519,1,0.971651,1
520,1,0.966714,1
521,1,0.965451,1
522,1,0.963882,1
523,1,0.961571,1
524,1,0.968615,1
525,1,0.962752,1
526,1,0.960982,1
527,1,0.957646,1
528,1,0.950852,1
529,1,0.968532,1
530,1,0.966015,1
531,1,0.967435,1
532,1,0.970548,1
533,1,0.967332,1
534,1,0.928423,1
535,1,0.967548,1
536,1,0.967347,1
537,1,0.966335,1
538,1,0.965533,1
539,1,0.967347,1
540,1,0.968919,1
541,1,0.954087,1
542,1,0.963286,1
543,1,0.962382,1
544,1,0.959479,1
545,1,0.957934,1
546,1,0.957646,1
547,1,0.968017,1
548,1,0.956336,1
549,1,0.959090,1
550,1,0.971651,1
551,1,0.954653,1
552,1,0.960893,1
553,1,0.960068,1
554,1,0.967616,1
555,1,0.966340,1
556,1,0.966015,1
557,1,0.963217,1
558,1,0.974312,1
559,1,0.970080,1
560,1,0.969725,1
561,1,0.971967,1
562,1,0.970304,1
563,1,0.959090,1
564,1,0.969284,1
565,1,0.970304,1
566,1,0.959090,1
567,1,0.957622,1
568,1,0.970529,1
569,1,0.965533,1
570,1,0.950380,1
571,1,0.964443,1
572,1,0.964327,1
573,1,0.967487,1
574,1,0.957622,1
575,1,0.967548,1
576,1,0.964443,1
577,1,0.967849,1
578,1,0.957646,1
579,1,0.965256,1
580,1,0.969101,1
581,1,0.959090,1
582,1,0.963628,1
583,1,0.827613,1
584,1,0.969781,1
585,1,0.959090,1
586,1,0.962264,1
587,1,0.962310,1
588,1,0.928277,1
589,1,0.968078,1
590,1,0.962247,1
591,1,0.969268,1
592,1,0.963697,1
593,1,0.961561,1
594,1,0.963090,1
595,1,0.971303,1
596,1,0.953709,1
597,1,0.960902,1
598,1,0.965456,1
599,1,0.968175,1
600,1,0.967891,1
601,1,0.969991,1
602,1,0.958019,1
603,1,0.967564,1
604,1,0.967122,1
605,1,0.965118,1
606,1,0.970955,1
607,1,0.965306,1
608,1,0.960915,1
609,1,0.959763,1
610,1,0.960376,1
611,1,0.956045,1
612,1,0.962332,1
613,1,0.962933,1
614,1,0.961987,1
615,1,0.958092,1
616,1,0.966180,1
617,1,0.965476,1
618,1,0.965118,1
619,1,0.965486,1
620,1,0.953528,1
621,1,0.960658,1
622,1,0.959668,1
623,1,0.965372,1
624,1,0.960703,1
625,1,0.966503,1
626,1,0.964556,1
627,1,0.961683,1
628,1,0.964143,1
629,1,0.958514,1
630,1,0.959607,1
631,1,0.964745,1
632,1,0.967868,1
633,1,0.962147,1
634,1,0.960773,1
635,1,0.961129,1
636,1,0.960915,1
637,1,0.958514,1
638,1,0.963129,1
639,1,0.967526,1
640,1,0.968251,1
641,1,0.957087,1
642,1,0.953424,1
643,1,0.964556,1
644,1,0.955853,1
645,1,0.968268,1
646,1,0.958514,1
647,1,0.958019,1
648,1,0.960060,1
649,1,0.968175,1
650,1,0.970081,1
651,1,0.959081,1
652,1,0.969788,1
653,1,0.956595,1
654,1,0.959279,1
655,1,0.964051,1
656,1,0.962020,1
657,1,0.963186,1
658,1,0.968124,1
659,1,0.970081,1
660,1,0.953709,1
661,1,0.960060,1
662,1,0.959668,1
663,1,0.949149,1
664,1,0.958019,1
665,1,0.964836,1
666,1,0.961201,1
667,1,0.956719,1
668,1,0.963934,1
669,1,0.956987,1
670,1,0.965306,1
671,1,0.970081,1
672,1,0.965306,1
673,1,0.967608,1
674,1,0.955853,1
675,1,0.964143,1
676,1,0.965318,1
677,1,0.972249,1
678,1,0.963851,1
679,1,0.966116,1
680,1,0.967589,1
681,1,0.958003,1
682,1,0.964207,1
683,1,0.969947,1
684,1,0.970155,1
685,1,0.961316,1
686,1,0.959170,1
687,1,0.943221,1
688,1,0.970394,1
689,1,0.964386,1
690,1,0.964232,1
691,1,0.958615,1
692,1,0.970853,1
693,1,0.966101,1
694,1,0.974749,1
695,1,0.962688,1
696,1,0.952135,1
697,1,0.965616,1
698,1,0.962440,1
699,1,0.952759,1
700,1,0.967865,1
701,1,0.962546,1
702,1,0.965830,1
703,1,0.946589,1
704,1,0.952567,1
705,1,0.958472,1
706,1,0.966520,1
707,1,0.948796,1
708,1,0.970044,1
709,1,0.957199,1
710,1,0.966292,1
711,1,0.958832,1
712,1,0.958070,1
713,1,0.970778,1
714,1,0.969446,1
715,1,0.955177,1
716,1,0.956398,1
717,1,0.961620,1
718,1,0.956401,1
719,1,0.951042,1
720,1,0.964416,1
721,1,0.952567,1
722,1,0.963104,1
723,1,0.971075,1
724,1,0.961316,1
725,1,0.966101,1
726,1,0.954534,1
727,1,0.961426,1
728,1,0.967865,1
729,1,0.967026,1
730,1,0.971251,1
731,1,0.966796,1
732,1,0.961700,1
733,1,0.962513,1
734,1,0.970644,1
735,1,0.962167,1
736,1,0.974749,1
737,1,0.956401,1
738,1,0.970943,1
739,1,0.953332,1
740,1,0.966116,1
741,1,0.961445,1
742,1,0.972360,1
743,1,0.954368,1
744,1,0.961107,1
745,1,0.970590,1
746,1,0.952759,1
747,1,0.966101,1
748,1,0.967011,1
749,1,0.958354,1
750,1,0.964144,1
751,1,0.948330,1
752,1,0.961445,1
753,1,0.965616,1
754,1,0.944148,1
755,1,0.966292,1
756,1,0.971550,1
757,1,0.951653,1
758,1,0.968530,1
759,1,0.961620,1
760,1,0.951648,1
761,1,0.961298,1
762,1,0.967061,1
763,1,0.965782,1
764,1,0.954669,1
765,1,0.964327,1
766,1,0.958003,1
767,1,0.961620,1
768,1,0.969040,1
769,1,0.970369,1
770,1,0.962513,1
771,1,0.962546,1
772,1,0.967461,1
773,1,0.961848,1
774,1,0.952135,1
775,1,0.961628,1
776,1,0.945436,1
777,1,0.964232,1
778,1,0.956896,1
779,1,0.969577,1
780,1,0.968273,1
781,1,0.953525,1
782,1,0.959098,1
783,1,0.959451,1
784,1,0.967571,1
785,1,0.969560,1
786,1,0.969292,1
787,1,0.964672,1
788,1,0.968573,1
789,1,0.963294,1
790,1,0.966798,1
791,1,0.962129,1
792,1,0.966764,1
793,1,0.961578,1
794,1,0.961836,1
795,1,0.956106,1
796,1,0.967066,1
797,1,0.970740,1
798,1,0.966642,1
799,1,0.968669,1
800,1,0.956106,1
801,1,0.965068,1
802,1,0.973510,1
803,1,0.969994,1
804,1,0.902542,1
805,1,0.965182,1
806,1,0.909504,1
807,1,0.902542,1
808,1,0.967744,1
809,1,0.958884,1
810,1,0.962344,1
811,1,0.902542,1
812,1,0.963667,1
813,1,0.969056,1
814,1,0.972032,1
815,1,0.963978,1
816,1,0.965970,1
817,1,0.969056,1
818,1,0.942208,1
819,1,0.957588,1
820,1,0.969025,1
821,1,0.962290,1
822,1,0.961812,1
823,1,0.961291,1
824,1,0.966319,1
825,1,0.971315,1
826,1,0.969150,1
827,1,0.961443,1
828,1,0.894432,1
829,1,0.966896,1
830,1,0.963892,1
831,1,0.968118,1
832,1,0.963653,1
833,1,0.969962,1
834,1,0.963172,1
835,1,0.971417,1
836,1,0.962817,1
837,1,0.965654,1
838,1,0.952295,1
839,1,0.964299,1
840,1,0.917467,1
841,1,0.969022,1
842,1,0.958639,1
843,1,0.972032,1
844,1,0.964419,1
845,1,0.966319,1
846,1,0.945692,1
847,1,0.971829,1
848,1,0.967902,1
849,1,0.902542,1
850,1,0.945692,1
851,1,0.952702,1
852,1,0.969994,1
853,1,0.902542,1
854,1,0.961000,1
855,1,0.964329,1
856,1,0.961443,1
857,1,0.967560,1
858,1,0.945526,1
859,1,0.970740,1
860,1,0.972032,1
861,1,0.963065,1
862,1,0.968833,1
863,1,0.947724,1
864,1,0.968028,1
865,1,0.964193,1
866,1,0.969897,1
867,1,0.965833,1
868,1,0.947724,1
869,1,0.962963,1
870,1,0.964845,1
871,1,0.972032,1
872,1,0.961000,1
873,1,0.908029,1
874,1,0.958658,1
875,1,0.970740,1
876,1,0.965876,1
877,1,0.963653,1
878,1,0.942208,1
879,1,0.945526,1
880,1,0.965182,1
881,1,0.968573,1
882,1,0.961405,1
883,1,0.894432,1
884,1,0.967799,1
885,1,0.908029,1
886,1,0.942208,1
887,1,0.958886,1
888,1,0.969104,1
889,1,0.971417,1
890,1,0.953928,1
891,1,0.968243,1
892,1,0.958054,1
893,1,0.962749,1
894,1,0.953216,1
895,1,0.945348,1
896,1,0.959698,1
897,1,0.953928,1
898,1,0.965337,1
899,1,0.971756,1
900,1,0.971270,1
901,1,0.959698,1
902,1,0.968576,1
903,1,0.965710,1
904,1,0.968692,1
905,1,0.965710,1
906,1,0.964408,1
907,1,0.949705,1
908,1,0.969026,1
909,1,0.962523,1
910,1,0.956809,1
911,1,0.966805,1
912,1,0.952594,1
913,1,0.962233,1
914,1,0.962797,1
915,1,0.965710,1
916,1,0.968576,1
917,1,0.961272,1
918,1,0.965337,1
919,1,0.953928,1
920,1,0.965676,1
921,1,0.971270,1
922,1,0.960919,1
923,1,0.968099,1
924,1,0.958688,1
925,1,0.964934,1
926,1,0.958492,1
927,1,0.964295,1
928,1,0.961405,1
929,1,0.960348,1
930,1,0.967507,1
931,1,0.966157,1
932,1,0.963441,1
933,1,0.965331,1
934,1,0.971467,1
935,1,0.957041,1
936,1,0.964691,1
937,1,0.965676,1
938,1,0.975658,1
939,1,0.966822,1
940,1,0.953928,1
941,1,0.960255,1
942,1,0.957284,1
943,1,0.966595,1
944,1,0.966566,1
945,1,0.965042,1
946,1,0.965337,1
947,1,0.963617,1
948,1,0.960348,1
949,1,0.964708,1
950,1,0.964447,1
951,1,0.971756,1
952,1,0.952594,1
953,1,0.964054,1
954,1,0.964810,1
955,1,0.969965,1
956,1,0.954555,1
957,1,0.960073,1
958,1,0.971467,1
959,1,0.950559,1
960,1,0.968576,1
961,1,0.965337,1
962,1,0.960230,1
963,1,0.962360,1
964,1,0.955339,1
965,1,0.964709,1
966,1,0.960989,1
967,1,0.962360,1
968,1,0.963441,1
969,1,0.968612,1
970,1,0.967249,1
971,1,0.963150,1
972,1,0.963622,1
973,1,0.966437,1
974,1,0.947865,1
975,1,0.962749,1
976,1,0.958649,1
977,1,0.969669,1
978,1,0.965337,1
979,1,0.971609,1
980,1,0.950559,1
981,1,0.952594,1
982,1,0.957041,1
983,1,0.971467,1
984,1,0.965338,1
985,0,0.967797,1
986,0,0.953989,1
987,0,0.962849,1
988,0,0.686632,1
989,0,0.911102,1
990,0,0.967382,1
991,0,0.965718,1
992,0,0.965338,1
993,0,0.949575,1
994,0,0.963733,1
995,0,0.949365,1
996,0,0.963925,1
997,0,0.960794,1
998,0,0.962924,1
999,0,0.960868,1
1000,0,0.923197,1
1001,0,0.966498,1
1002,0,0.920005,1
1003,0,0.965030,1
1004,0,0.943352,1
1005,0,0.970637,1
1006,0,0.963905,1
1007,0,0.930974,1
1008,0,0.965851,1
1009,0,0.964137,1
1010,0,0.925152,1
1011,0,0.961856,1
1012,0,0.967167,1
1013,0,0.966305,1
1014,0,0.970222,1
1015,0,0.942624,1
1016,0,0.969536,1
1017,0,0.963133,1
1018,0,0.968888,1
1019,0,0.968341,1
1020,0,0.967367,1
1021,0,0.964809,1
1022,0,0.960672,1
1023,0,0.967278,1
1024,0,0.960869,1
1025,0,0.962082,1
1026,0,0.943603,1
1027,0,0.933087,1
1028,0,0.971811,1
1029,0,0.974270,1
1030,0,0.928016,1
1031,0,0.945001,1
1032,0,0.970535,1
1033,0,0.967535,1
1034,0,0.839654,1
1035,0,0.966841,1
1036,0,0.960925,1
1037,0,0.965053,1
1038,0,0.966958,1
1039,0,0.935167,1
1040,0,0.969158,1
1041,0,0.971783,1
1042,0,0.965580,1
1043,0,0.958678,1
1044,0,0.963805,1
1045,0,0.978151,1
1046,0,0.974226,1
1047,0,0.966413,1
1048,0,0.965666,1
1049,0,0.974037,1
1050,0,0.970567,1
1051,0,0.970482,1
1052,0,0.957662,1
1053,0,0.965927,1
1054,0,0.965929,1
1055,0,0.973736,1
1056,0,0.946929,1
1057,0,0.959669,1
1058,0,0.957044,1
1059,0,0.957916,1
1060,0,0.962971,1
1061,0,0.951363,1
1062,0,0.964324,1
1063,0,0.962707,1
1064,0,0.928660,1
1065,0,0.960811,1
1066,0,0.954495,1
1067,0,0.972712,1
1068,0,0.972273,1
1069,0,0.974653,1
1070,0,0.969602,1
1071,0,0.967856,1
1072,0,0.966418,1
1073,0,0.967288,1
1074,0,0.972993,1
1075,0,0.938204,1
1076,0,0.972866,1
1077,0,0.960048,1
1078,0,0.971528,1
1079,0,0.972359,1
1080,0,0.966211,1
1081,0,0.968598,1
1082,0,0.964028,1
1083,0,0.965765,1
1084,0,0.957680,1
1085,0,0.963752,1
1086,0,0.971562,1
1087,0,0.966270,1
1088,0,0.968937,1
1089,0,0.968459,1
1090,0,0.967258,1
1091,0,0.952931,1
1092,0,0.956916,1
1093,1,0.965580,1
1094,1,0.957485,1
1095,1,0.971309,1
1096,1,0.971309,1
1097,1,0.971309,1
1098,1,0.973980,1
1099,1,0.961136,1
1100,1,0.975477,1
1101,1,0.951291,1
1102,1,0.965131,1
1103,1,0.974521,1
1104,1,0.966347,1
1105,1,0.957600,1
1106,1,0.971161,1
1107,1,0.963735,1
1108,1,0.963735,1
1109,1,0.973644,1
1110,1,0.963735,1
1111,1,0.967926,1
1112,1,0.967881,1
1113,1,0.948988,1
1114,1,0.955837,1
1115,1,0.971161,1
1116,1,0.974440,1
1117,1,0.952110,1
1118,1,0.972993,1
1119,1,0.972993,1
1120,1,0.974172,1
1121,1,0.957284,1
1122,1,0.971208,1
1123,1,0.961601,1
1124,1,0.950093,1
1125,1,0.972371,1
1126,1,0.952556,1
1127,1,0.974591,1
1128,1,0.971721,1
1129,1,0.974859,1
1130,1,0.974859,1
1131,1,0.963010,1
1132,1,0.966836,1
1133,1,0.951867,1
1134,1,0.966836,1
1135,1,0.965059,1
1136,1,0.972109,1
1137,1,0.978250,1
1138,1,0.950755,1
1139,1,0.955423,1
1140,1,0.955423,1
1141,1,0.963291,1
1142,1,0.968038,1
1143,1,0.963291,1
1144,1,0.963291,1
1145,1,0.963291,1
1146,1,0.962651,1
1147,1,0.968007,1
1148,1,0.968261,1
1149,1,0.965538,1
1150,1,0.967688,1
1151,1,0.965277,1
1152,1,0.970376,1
1153,1,0.963434,1
1154,1,0.967596,1
1155,1,0.970713,1
1156,1,0.970996,1
1157,1,0.967018,1
1158,1,0.963784,1
1159,1,0.964785,1
1160,1,0.957600,1
1161,1,0.948972,1
1162,1,0.971161,1
1163,1,0.964785,1
1164,1,0.957461,1
1165,1,0.949043,1
1166,1,0.972215,1
1167,1,0.963062,1
1168,1,0.970485,1
1169,1,0.973644,1
1170,1,0.965357,1
1171,1,0.968839,1
1172,1,0.939344,1
1173,1,0.952212,1
1174,1,0.968839,1
1175,1,0.974172,1
1176,1,0.963884,1
1177,1,0.965229,1
1178,1,0.949407,1
1179,1,0.949407,1
1180,1,0.959930,1
1181,1,0.961460,1
1182,1,0.965173,1
1183,1,0.965173,1
1184,1,0.949639,1
1185,1,0.952247,1
1186,1,0.957600,1
1187,1,0.975943,1
1188,1,0.935576,1
1189,1,0.969349,1
1190,1,0.963693,1
1191,1,0.973830,1
1192,1,0.971095,1
1193,1,0.969733,1
1194,1,0.957726,1
1195,1,0.977891,1
1196,1,0.960421,1
1197,1,0.967361,1
1198,1,0.960624,1
1199,1,0.974025,1
1200,1,0.957695,1
1201,1,0.958057,1
1202,1,0.965353,1
1203,1,0.957695,1
1204,1,0.953132,1
1205,1,0.964443,1
1206,1,0.968379,1
1207,1,0.951606,1
1208,1,0.976926,1
1209,1,0.943585,1
1210,1,0.963619,1
1211,1,0.963164,1
1212,1,0.960703,1
1213,1,0.961021,1
1214,1,0.970908,1
1215,1,0.970609,1
1216,1,0.906900,1
1217,1,0.963280,1
1218,1,0.946915,1
1219,1,0.974440,1
1220,1,0.974127,1
1221,1,0.974127,1
1222,1,0.958631,1
1223,1,0.961205,1
1224,1,0.968982,1
1225,1,0.968193,1
1226,1,0.972476,1
1227,1,0.969051,1
1228,1,0.956013,1
1229,1,0.964443,1
1230,1,0.969528,1
1231,1,0.952488,1
1232,1,0.964401,1
1233,1,0.972538,1
1234,1,0.969284,1
1235,1,0.956698,1
1236,1,0.969281,1
1237,1,0.945602,1
1238,1,0.976926,1
1239,1,0.961598,1
1240,1,0.976926,1
1241,1,0.952583,1
1242,1,0.976101,1
1243,1,0.968600,1
1244,1,0.971154,1
1245,1,0.953971,1
1246,1,0.962310,1
1247,1,0.961626,1
1248,1,0.963137,1
1249,1,0.970964,1
1250,1,0.954771,1
1251,1,0.972476,1
1252,1,0.965339,1
1253,1,0.964310,1
1254,1,0.974477,1
1255,1,0.965748,1
1256,1,0.956500,1
1257,1,0.956500,1
1258,1,0.964672,1
1259,1,0.946915,1
1260,1,0.955257,1
1261,1,0.962735,1
1262,1,0.953723,1
1263,1,0.964657,1
1264,1,0.977903,1
1265,1,0.954771,1
1266,1,0.966559,1
1267,1,0.952083,1
1268,1,0.960697,1
1269,1,0.954021,1
1270,1,0.962675,1
1271,1,0.965353,1
1272,1,0.972741,1
1273,1,0.944395,1
1274,1,0.970482,1
1275,1,0.947091,1
1276,1,0.952745,1
1277,1,0.966095,1
1278,1,0.976906,1
1279,1,0.958205,1
1280,1,0.964113,1
1281,1,0.966461,1
1282,1,0.959227,1
1283,1,0.962216,1
1284,1,0.965048,1
1285,1,0.945001,1
1286,1,0.967091,1
1287,1,0.957812,1
1288,1,0.950866,1
1289,1,0.951501,1
1290,1,0.948539,1
1291,1,0.963355,1
1292,1,0.960374,1
1293,1,0.960556,1
1294,1,0.971832,1
1295,1,0.978072,1
1296,1,0.957972,1
1297,1,0.961836,1
1298,1,0.957972,1
1299,1,0.959587,1
1300,1,0.969113,1
1301,1,0.937295,1
1302,1,0.951501,1
1303,1,0.959634,1
1304,1,0.977337,1
1305,1,0.977397,1
1306,1,0.950258,1
1307,1,0.978072,1
1308,1,0.968728,1
1309,1,0.955703,1
1310,1,0.946383,1
1311,1,0.965806,1
1312,1,0.965927,1
1313,1,0.959634,1
1314,1,0.879339,1
1315,1,0.958895,1
1316,1,0.950699,1
1317,1,0.966026,1
1318,1,0.967434,1
1319,1,0.966351,1
1320,1,0.968686,1
1321,1,0.967517,1
1322,1,0.964335,1
1323,1,0.935894,1
1324,1,0.977099,1
1325,1,0.956910,1
1326,1,0.949321,1
1327,1,0.959227,1
1328,1,0.964803,1
1329,1,0.966981,1
1330,1,0.958093,1
1331,1,0.906879,1
1332,1,0.969405,1
1333,1,0.972483,1
1334,1,0.978072,1
1335,1,0.966206,1
1336,1,0.963131,1
1337,1,0.963432,1
1338,1,0.959464,1
1339,1,0.946093,1
1340,1,0.948291,1
1341,1,0.952951,1
1342,1,0.977124,1
1343,1,0.968087,1
1344,1,0.960856,1
1345,1,0.959757,1
1346,1,0.966471,1
1347,1,0.952519,1
1348,1,0.950370,1
1349,1,0.964115,1
1350,1,0.973543,1
1351,1,0.959119,1
1352,1,0.972583,1
1353,1,0.957384,1
1354,1,0.969150,1
1355,1,0.969150,1
1356,1,0.969082,1
1357,1,0.967917,1
1358,1,0.967762,1
1359,1,0.966176,1
1360,1,0.973523,1
1361,1,0.966176,1
1362,1,0.962368,1
1363,1,0.973533,1
1364,1,0.955396,1
1365,1,0.973869,1
1366,1,0.973968,1
1367,1,0.968040,1
1368,1,0.968028,1
1369,1,0.970458,1
1370,1,0.961796,1
1371,1,0.970955,1
1372,1,0.966885,1
1373,1,0.966985,1
1374,1,0.963981,1
1375,1,0.971039,1
1376,1,0.961358,1
1377,1,0.967906,1
1378,1,0.960723,1
1379,1,0.950338,1
1380,1,0.970311,1
1381,1,0.977203,1
1382,1,0.958599,1
1383,1,0.962112,1
1384,1,0.973619,1
1385,1,0.973619,1
1386,1,0.969703,1
1387,1,0.950338,1
1388,1,0.974405,1
1389,1,0.953114,1
1390,1,0.977684,1
1391,1,0.960038,1
1392,1,0.975486,1
1393,1,0.972712,1
1394,1,0.970428,1
1395,1,0.974000,1
1396,1,0.957811,1
1397,1,0.970428,1
1398,1,0.970428,1
1399,1,0.964113,1
1400,1,0.974405,1
1401,1,0.964113,1
1402,1,0.947259,1
1403,1,0.978145,1
1404,1,0.968546,1
1405,1,0.965088,1
1406,1,0.947571,1
1407,1,0.971073,1
1408,1,0.959715,1
1409,1,0.967762,1
1410,1,0.964687,1
1411,1,0.973405,1
1412,1,0.967338,1
1413,1,0.966175,1
1414,1,0.961236,1
1415,1,0.963959,1
1416,1,0.976463,1
1417,1,0.961607,1
1418,1,0.963959,1
1419,1,0.964651,1
1420,1,0.977511,1
1421,1,0.974484,1
1422,1,0.976463,1
1423,1,0.976090,1
1424,1,0.921888,1
1425,1,0.963343,1
1426,1,0.932303,1
1427,1,0.959962,1
1428,1,0.932303,1
1429,1,0.965342,1
1430,1,0.969458,1
1431,1,0.950170,1
1432,1,0.961760,1
1433,1,0.962066,1
1434,1,0.970987,1
1435,1,0.961567,1
1436,1,0.970067,1
1437,1,0.961567,1
1438,1,0.961770,1
1439,1,0.898435,1
1440,1,0.898435,1
1441,1,0.961299,1
1442,1,0.952873,1
1443,1,0.956886,1
1444,1,0.969476,1
1445,1,0.967906,1
1446,1,0.951119,1
1447,1,0.957916,1
1448,1,0.953808,1
1449,1,0.962641,1
1450,1,0.956777,1
1451,1,0.976081,1
1452,1,0.969771,1
1453,1,0.957826,1
1454,1,0.957826,1
1455,1,0.966454,1
1456,1,0.965537,1
1457,1,0.964222,1
1458,1,0.966058,1
1459,1,0.960124,1
1460,1,0.936571,1
1461,1,0.962838,1
1462,1,0.958639,1
1463,1,0.929016,1
1464,1,0.956067,1
1465,1,0.974376,1
1466,1,0.956067,1
1467,1,0.964415,1
1468,1,0.964045,1
1469,1,0.948227,1
1470,1,0.971035,1
1471,1,0.971035,1
1472,1,0.970478,1
1473,1,0.971171,1
1474,1,0.932894,1
1475,1,0.956411,1
1476,1,0.976095,1
1477,1,0.927699,1
1478,1,0.969790,1
1479,1,0.969790,1
1480,1,0.955963,1
1481,1,0.960249,1
1482,1,0.964810,1
1483,1,0.954820,1
1484,1,0.962882,1
1485,1,0.936571,1
1486,1,0.962882,1
1487,1,0.962971,1
1488,1,0.968864,1
1489,1,0.962882,1
1490,1,0.962641,1
1491,1,0.972595,1
1492,1,0.946457,1
1493,1,0.956550,1
1494,1,0.946457,1
1495,1,0.961925,1
1496,1,0.963889,1
1497,1,0.964339,1
1498,1,0.892117,1
1499,1,0.891893,1
1500,1,0.973024,1
1501,1,0.955330,1
1502,1,0.936646,1
1503,1,0.962675,1
1504,1,0.939642,1
1505,1,0.963640,1
1506,1,0.972978,1
1507,1,0.964745,1
1508,1,0.964017,1
1509,1,0.861518,1
1510,1,0.957582,1
1511,1,0.861518,1
1512,1,0.861518,1
1513,1,0.972097,1
1514,1,0.940449,1
1515,1,0.953472,1
1516,1,0.974089,1
1517,1,0.969545,1
1518,1,0.962227,1
1519,1,0.962227,1
1520,1,0.951951,1
1521,1,0.970265,1
1522,1,0.955493,1
1523,1,0.960734,1
1524,1,0.960734,1
1525,1,0.951516,1
1526,1,0.963873,1
1527,1,0.963873,1
1528,1,0.963945,1
1529,1,0.963873,1
1530,1,0.964222,1
1531,1,0.963873,1
1532,1,0.969477,1
1533,1,0.969976,1
1534,1,0.962888,1
1535,1,0.954602,1
1536,1,0.969331,1
1537,1,0.960249,1
1538,1,0.928397,1
1539,1,0.956842,1
1540,1,0.913574,1
1541,1,0.964745,1
1542,1,0.923106,1
1543,1,0.964017,1
1544,1,0.941248,1
1545,1,0.941248,1
1546,1,0.952535,1
1547,1,0.952535,1
1548,1,0.949239,1
1549,1,0.949239,1
1550,1,0.974376,1
1551,1,0.941238,1
1552,1,0.954158,1
1553,1,0.961183,1
1554,1,0.961183,1
1555,1,0.973562,1
1556,1,0.972746,1
1557,1,0.974279,1
1558,1,0.957792,1
1559,1,0.967171,1
1560,1,0.970109,1
1561,1,0.978461,1
1562,1,0.970114,1
1563,1,0.968863,1
1564,1,0.970114,1
1565,1,0.974573,1
1566,1,0.970114,1
1567,1,0.970114,1
1568,1,0.970114,1
1569,1,0.955645,1
1570,1,0.955014,1
1571,1,0.975773,1
1572,1,0.968713,1
1573,1,0.964414,1
1574,1,0.974410,1
1575,1,0.957185,1
1576,1,0.961626,1
1577,1,0.960607,1
1578,1,0.950123,1
1579,1,0.969515,1
1580,1,0.961574,1
1581,1,0.968871,1
1582,1,0.960518,1
1583,1,0.973266,1
1584,1,0.973055,1
1585,1,0.969509,1
1586,1,0.951921,1
1587,1,0.967763,1
1588,1,0.966397,1
1589,1,0.962540,1
1590,1,0.966829,1
1591,1,0.967171,1
1592,1,0.947124,1
1593,1,0.967562,1
1594,1,0.967562,1
1595,1,0.970290,1
1596,1,0.970331,1
1597,1,0.972712,1
1598,1,0.967171,1
1599,1,0.970134,1
1600,1,0.972768,1
1601,1,0.921723,1
1602,1,0.954958,1
1603,1,0.971923,1
1604,1,0.973654,1
1605,1,0.973654,1
1606,1,0.945615,1
1607,1,0.969726,1
1608,1,0.978483,1
1609,1,0.967352,1
1610,1,0.954742,1
1611,1,0.969185,1
1612,1,0.974750,1
1613,1,0.973370,1
1614,1,0.973370,1
1615,1,0.962180,1
1616,1,0.954887,1
1617,1,0.959196,1
1618,1,0.925580,1
1619,1,0.970874,1
1620,1,0.974025,1
1621,1,0.972293,1
1622,1,0.973249,1
1623,1,0.972293,1
1624,1,0.972293,1
1625,1,0.970353,1
1626,1,0.977962,1
1627,1,0.929146,1
1628,1,0.970610,1
1629,1,0.973253,1
1630,1,0.967171,1
1631,1,0.969516,1
1632,1,0.969516,1
1633,1,0.970273,1
1634,1,0.960607,1
1635,1,0.968027,1
1636,1,0.978214,1
1637,1,0.973700,1
1638,1,0.973700,1
1639,1,0.977858,1
1640,1,0.977858,1
1641,1,0.971833,1
1642,1,0.965889,1
1643,1,0.965066,1
1644,1,0.965066,1
1645,1,0.970022,1
1646,1,0.970446,1
1647,1,0.970351,1
1648,1,0.965709,1
1649,1,0.972142,1
1650,1,0.967832,1
1651,1,0.967843,1
1652,1,0.967466,1
1653,1,0.958483,1
1654,1,0.946155,1
1655,1,0.968113,1
1656,1,0.957212,1
1657,1,0.964080,1
1658,1,0.965546,1
1659,1,0.965546,1
1660,1,0.971816,1
1661,1,0.967288,1
1662,1,0.962017,1
1663,1,0.955421,1
1664,1,0.923656,1
1665,1,0.927894,1
1666,1,0.967281,1
1667,1,0.955556,1
1668,1,0.964270,1
1669,1,0.955556,1
1670,1,0.947214,1
1671,1,0.960125,1
1672,1,0.968974,1
1673,1,0.967472,1
1674,1,0.967472,1
1675,1,0.967472,1
1676,1,0.965464,1
1677,1,0.973762,1
1678,1,0.973762,1
1679,1,0.964008,1
1680,1,0.966355,1
1681,1,0.966520,1
1682,1,0.966469,1
1683,1,0.968606,1
1684,1,0.967225,1
1685,1,0.964190,1
1686,1,0.966978,1
1687,1,0.956120,1
1688,1,0.947521,1
1689,1,0.958109,1
1690,1,0.957879,1
1691,1,0.973194,1
1692,1,0.975756,1
1693,1,0.928017,1
1694,1,0.928017,1
1695,1,0.968802,1
1696,1,0.947878,1
1697,1,0.964086,1
1698,1,0.947805,1
1699,1,0.956237,1
1700,1,0.966978,1
1701,1,0.973114,1
1702,1,0.968606,1
1703,1,0.971184,1
1704,1,0.971184,1
1705,1,0.958571,1
1706,1,0.976070,1
1707,1,0.976070,1
1708,1,0.967843,1
1709,1,0.952289,1
1710,1,0.959975,1
1711,1,0.964483,1
1712,1,0.959997,1
1713,1,0.959997,1
1714,1,0.959997,1
1715,1,0.960117,1
1716,1,0.965863,1
1717,1,0.965863,1
1718,1,0.969548,1
1719,1,0.959576,1
1720,1,0.959576,1
1721,1,0.959576,1
1722,1,0.971816,1
1723,1,0.956956,1
1724,1,0.957212,1
1725,1,0.956956,1
1726,1,0.947413,1
1727,1,0.968337,1
1728,1,0.961905,1
1729,1,0.953271,1
1730,1,0.967809,1
1731,1,0.954475,1
1732,1,0.964233,1
1733,1,0.960758,1
1734,1,0.960758,1
1735,1,0.971960,1
1736,1,0.973864,1
1737,1,0.960758,1
1738,1,0.960005,1
1739,1,0.976537,1
1740,1,0.947386,1
1741,1,0.968492,1
1742,1,0.964897,1
1743,1,0.964080,1
1744,1,0.964897,1
1745,1,0.966453,1
1746,1,0.944450,1
1747,1,0.954107,1
1748,1,0.954107,1
1749,1,0.965257,1
1750,1,0.960258,1
1751,1,0.960258,1
1752,1,0.960048,1
1753,1,0.977432,1
1754,1,0.966139,1
1755,1,0.955899,1
1756,1,0.970456,1
1757,1,0.946467,1
1758,1,0.964695,1
1759,1,0.970925,1
1760,1,0.970925,1
1761,1,0.964570,1
1762,1,0.971371,1
1763,1,0.971371,1
1764,1,0.971004,1
1765,1,0.971004,1
1766,1,0.953255,1
1767,1,0.971004,1
1768,1,0.948132,1
1769,1,0.961298,1
1770,1,0.961298,1
1771,1,0.958463,1
1772,1,0.971456,1
1773,1,0.962218,1
1774,1,0.948887,1
1775,1,0.954394,1
1776,1,0.967356,1
1777,1,0.965241,1
1778,1,0.960158,1
1779,1,0.960158,1
1780,1,0.947253,1
1781,1,0.964343,1
1782,1,0.961096,1
1783,1,0.963258,1
1784,1,0.962496,1
1785,1,0.960778,1
1786,1,0.943198,1
1787,1,0.962496,1
1788,1,0.972301,1
1789,1,0.972301,1
1790,1,0.954610,1
1791,1,0.952946,1
1792,1,0.952946,1
1793,1,0.964260,1
1794,1,0.964260,1
1795,1,0.950123,1
1796,1,0.972249,1
1797,1,0.906391,1
1798,1,0.979189,1
1799,1,0.960425,1
1800,1,0.953931,1
1801,1,0.967803,1
1802,1,0.953931,1
1803,1,0.961520,1
1804,1,0.961520,1
1805,1,0.964042,1
1806,1,0.906804,1
1807,1,0.904339,1
1808,1,0.904339,1
1809,1,0.904339,1
1810,1,0.971079,1
1811,1,0.961096,1
1812,1,0.978610,1
1813,1,0.963742,1
1814,1,0.971067,1
1815,1,0.978227,1
1816,1,0.955590,1
1817,1,0.955526,1
1818,1,0.955526,1
1819,1,0.961096,1
1820,1,0.948809,1
1821,1,0.948809,1
1822,1,0.948809,1
1823,1,0.948809,1
1824,1,0.946733,1
1825,1,0.953911,1
1826,1,0.969329,1
1827,1,0.960834,1
1828,1,0.962037,1
1829,1,0.955590,1
1830,1,0.978282,1
1831,1,0.964042,1
1832,1,0.960088,1
1833,1,0.946733,1
1834,1,0.959865,1
1835,1,0.968598,1
1836,1,0.971099,1
1837,1,0.965727,1
1838,1,0.957233,1
1839,1,0.934196,1
1840,1,0.962506,1
1841,1,0.971917,1
1842,1,0.961839,1
1843,1,0.961839,1
1844,1,0.961839,1
1845,1,0.955849,1
1846,1,0.961839,1
1847,1,0.960326,1
1848,1,0.963513,1
1849,1,0.963513,1
1850,1,0.953892,1
1851,1,0.965885,1
1852,1,0.965885,1
1853,1,0.975022,1
1854,1,0.964001,1
1855,1,0.957478,1
1856,1,0.964072,1
1857,1,0.961096,1
1858,1,0.970784,1
1859,1,0.970784,1
1860,1,0.967454,1
1861,1,0.958622,1
1862,1,0.944867,1
1863,1,0.959810,1
1864,1,0.957690,1
1865,1,0.957359,1
1866,1,0.959743,1
1867,1,0.963579,1
1868,1,0.960617,1
1869,1,0.924371,1
1870,1,0.974803,1
1871,1,0.968958,1
1872,1,0.970453,1
1873,1,0.944849,1
1874,1,0.892323,1
1875,1,0.969454,1
1876,1,0.950849,1
1877,1,0.891897,1
1878,1,0.959525,1
1879,1,0.967842,1
1880,1,0.950849,1
1881,1,0.967842,1
1882,1,0.970436,1
1883,1,0.955578,1
1884,1,0.957245,1
1885,1,0.957251,1
1886,1,0.976911,1
1887,1,0.976911,1
1888,1,0.976911,1
1889,1,0.956634,1
1890,1,0.976911,1
1891,1,0.958355,1
1892,1,0.958398,1
1893,1,0.958398,1
1894,1,0.962547,1
1895,1,0.963964,1
1896,1,0.972537,1
1897,1,0.961365,1
1898,1,0.962922,1
1899,1,0.958486,1
1900,1,0.963255,1
1901,1,0.954647,1
1902,1,0.954647,1
1903,1,0.975698,1
1904,1,0.973554,1
1905,1,0.975698,1
1906,1,0.975555,1
1907,1,0.957760,1
1908,1,0.971601,1
1909,1,0.957844,1
1910,1,0.963598,1
1911,1,0.950520,1
1912,1,0.950520,1
1913,1,0.965695,1
1914,1,0.965089,1
1915,1,0.958615,1
1916,1,0.970436,1
1917,1,0.957995,1
1918,1,0.910978,1
1919,1,0.950079,1
1920,1,0.950085,1
1921,1,0.960296,1
1922,1,0.957671,1
1923,1,0.970278,1
1924,1,0.960139,1
1925,1,0.960139,1
1926,1,0.960139,1
1927,1,0.958659,1
1928,1,0.969984,1
1929,1,0.963281,1
1930,1,0.921692,1
1931,1,0.934972,1
1932,1,0.921692,1
1933,1,0.966733,1
1934,1,0.959783,1
1935,1,0.959783,1
1936,1,0.942012,1
1937,1,0.958255,1
1938,1,0.956930,1
1939,1,0.971589,1
1940,1,0.921978,1
1941,1,0.924371,1
1942,1,0.902898,1
1943,1,0.956743,1
1944,1,0.956743,1
1945,1,0.975588,1
1946,1,0.957624,1
1947,1,0.960064,1
1948,1,0.959818,1
1949,1,0.961516,1
1950,1,0.961340,1
1951,1,0.961623,1
1952,1,0.974687,1
1953,1,0.961340,1
1954,1,0.974769,1
1955,1,0.963171,1
1956,1,0.973554,1
1957,1,0.924371,1
1958,1,0.974769,1
1959,1,0.952561,1
1960,1,0.960772,1
1961,1,0.968727,1
1962,1,0.968727,1
1963,1,0.960655,1
1964,1,0.959465,1
1965,1,0.971190,1
1966,1,0.974915,1
1967,1,0.968409,1
1968,1,0.964747,1
1969,1,0.940088,1
1970,1,0.969154,1
1971,1,0.963784,1
1972,1,0.963784,1
1973,1,0.977132,1
1974,1,0.977132,1
1975,1,0.977132,1
1976,1,0.954300,1
1977,1,0.965081,1
1978,1,0.970249,1
1979,1,0.952826,1
1980,1,0.970248,1
1981,1,0.966796,1
1982,1,0.956061,1
1983,1,0.968030,1
1984,1,0.967987,1
1985,1,0.967987,1
1986,1,0.959438,1
1987,1,0.974484,1
1988,1,0.969068,1
1989,1,0.968937,1
1990,1,0.969068,1
1991,1,0.965874,1
1992,1,0.968985,1
1993,1,0.956328,1
1994,1,0.965935,1
1995,1,0.963813,1
1996,1,0.952123,1
1997,1,0.951618,1
1998,1,0.953824,1
1999,1,0.973315,1
2000,1,0.960494,1
2001,1,0.960137,1
2002,1,0.924240,1
2003,1,0.972742,1
2004,1,0.924240,1
2005,1,0.972254,1
2006,1,0.972281,1
2007,1,0.956061,1
2008,1,0.972296,1
2009,1,0.966048,1
2010,1,0.976210,1
2011,1,0.954723,1
2012,1,0.962412,1
2013,1,0.960310,1
2014,1,0.967924,1
2015,1,0.964911,1
2016,1,0.964911,1
2017,1,0.966796,1
2018,1,0.965167,1
2019,1,0.969859,1
2020,1,0.968603,1
2021,1,0.967062,1
2022,1,0.973402,1
2023,1,0.964651,1
2024,1,0.973323,1
2025,1,0.959569,1
2026,1,0.968996,1
2027,1,0.960636,1
2028,1,0.964324,1
2029,1,0.968630,1
2030,1,0.968459,1
2031,1,0.947138,1
2032,1,0.968663,1
2033,1,0.962798,1
2034,1,0.949876,1
2035,1,0.957146,1
2036,1,0.957146,1
2037,1,0.964006,1
2038,1,0.960264,1
2039,1,0.966640,1
2040,1,0.966640,1
2041,1,0.966640,1
2042,1,0.963738,1
2043,1,0.962947,1
2044,1,0.962853,1
2045,1,0.960533,1
2046,1,0.967226,1
2047,1,0.967226,1
2048,1,0.970268,1
2049,1,0.967799,1
2050,1,0.967927,1
2051,1,0.967799,1
2052,1,0.960618,1
2053,1,0.961765,1
2054,1,0.961342,1
2055,1,0.962039,1
2056,1,0.966880,1
2057,1,0.963113,1
2058,1,0.967915,1
2059,1,0.964135,1
2060,1,0.964135,1
2061,1,0.968915,1
2062,1,0.968937,1
2063,1,0.968937,1
2064,1,0.971272,1
2065,1,0.967492,1
2066,1,0.966479,1
2067,1,0.960264,1
2068,1,0.968937,1
2069,1,0.952716,1
2070,1,0.952716,1
2071,1,0.959186,1
2072,1,0.965292,1
2073,1,0.970861,1
2074,1,0.974879,1
