participant_id,session_date,age_group,device,task_time_sec,task_success,errors_count,sus_q1,sus_q2,sus_q3,sus_q4,sus_q5,sus_q6,sus_q7,sus_q8,sus_q9,sus_q10,trust_understand,trust_confidence,trust_reliance,trust_transparency,trust_overall,aware_heard_deepfake,aware_encountered,aware_concern,aware_trust_ai_tool,comments,facilitator_notes
P001,2026-01-31,18_30,laptop,347,1,0,4,2,4,2,4,2,5,2,4,2,4,4,3,3,4,4,Yes,Yes,Slightly concerned,Unsure,"Clear result, wanted more explanation"
P002,2026-01-31,18_30,laptop,413,1,1,4,3,4,2,4,3,4,2,4,2,3,3,3,2,3,3,Yes,Maybe,Slightly concerned,No,"Confused by prob_fake meaning"
P003,2026-01-31,31_60,laptop,529,1,2,3,3,3,3,3,3,3,3,3,3,2,2,2,2,2,Unsure,No,Not concerned,Unsure,"UI ok but not confident using output","Needed facilitator help"
P004,2026-01-31,18_30,laptop,411,1,1,4,2,5,2,4,2,4,2,4,2,4,4,4,3,4,4,Yes,Yes,Very concerned,Yes,"Would trust more with heatmap"
P005,2026-01-31,31_60,laptop,608,0,3,3,4,3,4,3,4,3,4,3,4,2,2,2,1,2,No,Maybe,Slightly concerned,Unsure,"Upload step was unclear","Task failed at first"
P006,2026-01-31,18_30,laptop,332,1,0,5,2,4,2,4,2,5,2,4,2,5,4,4,4,4,4,Yes,Yes,Slightly concerned,Yes,"Fast and simple"
P007,2026-01-31,18_30,laptop,397,1,1,4,2,4,3,4,2,4,3,4,2,4,3,3,3,3,3,Yes,Yes,Very concerned,Unsure,"Wanted a 'what next' suggestion"
P008,2026-01-31,31_60,laptop,431,1,0,4,2,4,2,4,2,4,2,4,2,4,4,3,3,4,4,Yes,Maybe,Slightly concerned,Unsure,"Result ok; uncertainty about reliability"
P009,2026-01-31,31_60,laptop,544,1,2,3,4,3,4,4,4,3,4,3,4,2,2,2,2,2,Unsure,Maybe,Very concerned,No,"Didn't understand docs layout","Needed guidance"
P010,2026-01-31,18_30,laptop,369,1,0,5,1,4,2,5,1,5,2,4,1,5,4,4,4,4,5,Yes,Yes,Slightly concerned,Yes,"Very usable"
P011,2026-01-31,18_30,laptop,421,1,1,4,2,4,3,4,3,4,2,4,3,4,3,3,3,3,3,Yes,Yes,Slightly concerned,Unsure,"Would like tooltips"
P012,2026-01-31,31_60,laptop,492,1,2,3,3,3,3,3,3,3,3,3,3,2,2,2,2,2,No,No,Not concerned,Unsure,"Not sure how accurate model is","Skeptical"
P013,2026-01-31,18_30,laptop,374,1,0,4,2,5,2,4,2,4,2,4,2,4,4,4,3,4,4,Yes,Yes,Very concerned,Unsure,"Good; wants explanation panel"
P014,2026-01-31,31_60,laptop,589,1,2,3,4,3,4,3,4,3,4,3,4,2,2,2,2,2,Yes,Maybe,Very concerned,No,"High concern; low trust without evidence","Asked about dataset"
P015,2026-02-01,18_30,laptop,338,1,0,5,2,5,2,4,2,5,2,4,2,5,4,4,4,4,4,Yes,Yes,Slightly concerned,Yes,"Strong confidence"
P016,2026-02-01,31_60,laptop,451,1,1,4,3,4,3,4,3,4,3,4,3,3,3,3,3,3,Yes,Yes,Slightly concerned,Unsure,"Ok but not sure how to interpret prob","Needs legend"
P017,2026-02-01,18_30,laptop,389,1,0,4,2,4,2,4,2,4,2,4,2,4,4,3,3,4,4,Yes,Maybe,Slightly concerned,Unsure,"Liked simplicity"
P018,2026-02-01,31_60,laptop,622,0,3,2,4,2,4,3,4,2,4,2,4,1,2,1,1,1,No,Maybe,Very concerned,No,"Couldn't complete without help","Failed upload"
P019,2026-02-01,18_30,laptop,366,1,0,5,1,4,2,5,1,5,2,4,1,5,4,4,4,4,5,Yes,Yes,Slightly concerned,Yes,"Good usability"
P020,2026-02-01,18_30,laptop,403,1,1,4,2,4,3,4,2,4,3,4,2,4,3,3,3,3,3,Yes,Yes,Very concerned,Unsure,"Wanted confidence explanation"
P021,2026-02-01,31_60,laptop,526,1,2,3,3,3,3,3,3,3,3,3,3,2,2,2,2,2,Unsure,No,Not concerned,Unsure,"Not convinced result is trustworthy","Asked for sources"
P022,2026-02-01,18_30,laptop,388,1,0,4,2,5,2,4,2,4,2,4,2,4,4,4,3,4,4,Yes,Yes,Slightly concerned,Unsure,"Would use again"
P023,2026-02-01,31_60,laptop,591,1,2,3,4,3,4,3,4,3,4,3,4,2,2,2,2,2,Yes,Maybe,Slightly concerned,No,"Needed more guidance on docs","Ok"
P024,2026-02-01,18_30,laptop,335,1,0,5,2,5,2,4,2,5,2,4,2,5,4,4,4,4,4,Yes,Yes,Very concerned,Yes,"Great clarity"
P025,2026-02-01,31_60,laptop,472,1,1,4,3,4,3,4,3,4,3,4,3,3,3,3,3,3,Yes,Maybe,Slightly concerned,Unsure,"Ok; wants heatmap by default","Ok"
P026,2026-02-01,18_30,laptop,356,1,0,4,2,4,2,4,2,4,2,4,2,4,4,3,3,4,4,Yes,Yes,Slightly concerned,Unsure,"No big issues"
P027,2026-02-01,31_60,laptop,609,0,3,2,4,2,4,2,4,2,4,2,4,1,2,2,1,1,No,Maybe,Very concerned,No,"Not intuitive for non-technical users","Failed"
P028,2026-02-01,18_30,laptop,397,1,1,4,2,4,3,4,3,4,2,4,3,4,3,3,3,3,3,Yes,Yes,Slightly concerned,Unsure,"Understood after explanation"
P029,2026-02-01,31_60,laptop,524,1,2,3,3,3,3,3,3,3,3,3,3,2,2,2,2,2,Unsure,No,Not concerned,Unsure,"Doesn't trust without validation stats","Ok"
P030,2026-02-01,18_30,laptop,339,1,0,5,2,4,2,5,2,5,2,4,2,5,4,4,4,4,5,Yes,Yes,Slightly concerned,Yes,"Would recommend to others"
